sample,temp
SRR9053485,19.72
SRR9049938,9.3
SRR9053858,12.83
SRR9053246,27.39
SRR9053447,16.44
SRR9050312,18.78
SRR13899056,26.005
SRR9053067,26.44
SRR24218762,26.2269
SRR9053752,23.83
SRR9050277,15.56
SRR9053576,23.83
SRR9053219,26.5
ERR10113533,13.327333333333334
SRR9050062,
SRR9050262,19.06
SRR24218790,2.1259
ERR10113508,8.979333333333333
SRR9050303,27.56
SRR9050152,9.6
SRR24218580,2.1395
SRR9053606,
SRR9053165,16.11
SRR9050234,10.1
SRR9053511,21.67
